method,block,concept-sudden-jpeg,concept-sudden-stretch,concept-sudden-saturation,concept-incremental-jpeg,concept-incremental-stretch,concept-incremental-saturation,concept-gradual-jpeg,concept-gradual-stretch,concept-gradual-saturation,concept-recurring-jpeg,concept-recurring-stretch,concept-recurring-saturation,label-sudden,label-incremental,label-gradual,label-recurring
CUSUM,layer1,85.2±61.3,101.8±64.0,73.8±62.3,95.0±60.2,106.5±59.2,86.2±55.2,98.6±55.5,110.9±55.0,88.2±54.0,17.5±10.5,18.5±9.5,16.1±10.8,108.2±59.6,115.6±50.9,114.9±51.6,20.1±8.1
CUSUM,layer2,62.2±59.9,68.2±61.6,76.1±64.2,72.5±59.6,78.2±61.3,84.8±62.2,76.0±58.5,81.9±60.2,87.1±60.8,13.6±10.5,14.6±10.4,16.0±10.9,96.8±63.7,104.5±61.2,104.4±61.6,17.9±11.1
CUSUM,layer3,109.1±60.8,111.5±60.0,111.2±60.8,115.3±56.5,117.3±57.0,118.4±55.2,117.2±53.9,119.9±53.2,119.3±54.3,19.6±9.8,19.8±9.6,19.6±9.7,117.5±58.9,123.0±49.9,122.8±50.1,20.6±9.0
CUSUM,layer4,86.8±68.4,94.2±67.4,93.2±67.7,96.4±64.6,99.2±63.7,98.7±63.4,94.5±64.0,101.4±62.1,100.2±62.3,16.3±11.2,17.4±10.9,17.2±11.0,96.5±68.0,102.6±63.4,103.0±63.4,17.2±11.0
CUSUM,vae_latent,124.6±52.9,122.5±54.5,98.5±67.0,131.2±48.0,127.3±46.6,106.9±58.0,141.0±23.7,125.9±49.5,107.3±57.3,23.3±5.1,21.2±8.0,17.5±10.7,102.9±66.7,111.1±55.9,110.3±56.9,18.1±10.3
CUSUM-R,layer1,6.0±5.1,10.4±8.8,4.3±3.0,12.0±8.3,19.4±13.0,16.7±7.2,23.5±11.8,30.9±14.8,18.8±7.8,5.4±4.0,8.1±5.8,3.6±2.6,20.6±17.8,40.0±26.0,41.2±22.2,11.5±7.3
CUSUM-R,layer2,3.6±2.9,4.7±3.2,5.1±3.7,10.1±6.1,13.0±7.1,17.0±8.2,17.2±7.9,20.5±7.9,19.6±9.5,3.4±2.3,4.2±2.9,4.7±3.0,12.2±11.7,32.2±16.4,31.4±17.0,10.2±6.8
CUSUM-R,layer3,10.1±8.0,11.5±10.3,11.3±8.9,24.4±14.3,23.5±14.5,26.6±13.2,29.4±13.7,31.4±15.0,31.3±13.6,7.9±5.5,8.3±5.3,8.5±5.8,18.5±18.5,38.0±24.9,37.3±24.0,11.8±7.3
CUSUM-R,layer4,5.8±3.9,10.0±8.1,8.1±6.3,16.0±10.4,22.0±14.2,22.2±12.0,22.7±9.6,29.0±14.7,25.3±13.0,4.5±2.7,7.6±4.7,7.1±5.3,10.7±8.7,30.6±14.6,28.8±14.1,8.6±6.1
CUSUM-R,vae_latent,87.9±57.1,57.3±42.0,11.8±10.4,101.0±55.2,77.0±50.8,30.2±15.3,106.2±47.7,75.1±50.5,30.6±14.6,23.4±3.5,20.6±6.5,9.1±6.8,13.0±9.0,36.6±14.8,33.9±13.3,11.5±6.3
EWMA,layer1,0.5±0.1,0.6±0.1,0.4±0.1,2.2±1.1,4.2±2.0,9.5±2.4,12.2±3.1,15.7±5.6,9.0±2.9,0.4±0.1,0.6±0.1,0.4±0.1,1.5±0.9,26.9±7.7,12.0±6.0,1.6±0.7
EWMA,layer2,0.4±0.1,0.5±0.1,0.6±0.1,2.5±1.1,5.0±2.3,10.8±2.5,10.6±2.1,16.2±3.2,10.3±4.1,0.4±0.0,0.6±0.1,0.5±0.1,1.7±1.6,28.9±6.0,14.0±6.6,1.7±0.7
EWMA,layer3,0.6±0.1,0.7±0.1,0.7±0.2,9.1±4.1,6.1±2.9,13.6±3.2,17.5±3.7,16.3±5.0,14.3±5.3,0.6±0.1,0.6±0.1,0.6±0.1,0.9±0.4,19.9±7.3,9.4±4.0,0.9±0.2
EWMA,layer4,0.5±0.1,0.7±0.1,0.7±0.2,2.4±1.1,9.7±5.1,12.3±3.5,12.6±3.0,18.8±4.5,15.8±4.8,0.5±0.1,0.7±0.1,0.7±0.1,0.7±0.2,16.0±6.6,8.2±3.9,0.7±0.1
EWMA,vae_latent,123.6±48.9,51.4±49.3,1.1±1.0,143.3±28.6,66.7±48.4,15.7±7.3,129.6±45.5,62.4±39.5,17.9±9.2,24.3±2.5,18.9±6.0,1.1±0.7,2.8±2.5,29.7±10.5,16.5±8.4,2.6±1.6
Frechet,layer1,0.7±0.1,2.1±1.7,0.3±0.1,3.1±2.4,18.1±12.9,7.1±2.5,18.6±6.3,31.6±10.1,6.3±2.4,0.7±0.1,2.8±2.2,0.3±0.0,8.9±9.2,37.7±17.1,28.1±12.5,8.0±5.5
Frechet,layer2,0.4±0.1,0.7±0.1,0.5±0.2,2.8±1.3,9.3±3.6,11.0±2.9,11.0±3.0,20.4±4.4,11.2±4.5,0.4±0.0,0.7±0.1,0.5±0.1,1.7±1.6,27.5±6.8,13.7±7.2,1.8±0.7
Frechet,layer3,1.3±0.5,11.2±22.0,7.2±5.7,26.8±15.0,33.9±14.0,41.2±18.9,34.5±5.0,50.0±18.7,44.4±14.6,1.1±0.3,7.2±5.1,8.8±4.2,2.1±2.4,27.9±7.8,14.0±5.6,1.8±0.9
Frechet,layer4,0.6±0.1,1.1±0.3,0.9±0.2,4.0±1.6,19.1±10.3,21.0±6.8,16.0±4.0,29.5±9.8,23.5±4.8,0.5±0.1,1.2±0.3,0.8±0.1,0.6±0.3,16.9±6.7,9.0±4.4,0.7±0.1
Frechet,vae_latent,123.3±41.2,46.0±50.8,0.9±0.9,123.6±43.7,87.8±53.0,18.5±4.8,118.0±52.2,77.0±48.9,19.0±14.6,24.6±1.2,20.4±5.6,1.8±4.0,1.6±1.3,24.4±9.3,14.6±5.4,1.7±0.9
HDDDM,layer1,0.9±0.2,2.5±1.2,0.8±0.2,8.0±3.8,25.8±10.2,17.8±5.3,25.8±4.7,36.5±11.9,24.2±4.9,0.9±0.1,2.6±1.1,0.8±0.1,30.2±27.5,78.2±41.3,62.5±36.9,19.7±5.6
HDDDM,layer2,0.7±0.1,1.0±0.4,2.0±1.4,10.0±3.9,17.6±7.6,28.3±7.7,22.2±6.0,24.7±8.6,31.5±9.4,0.7±0.0,1.1±0.2,1.9±0.9,44.4±42.1,74.6±44.2,55.1±22.3,18.0±4.8
HDDDM,layer3,0.9±0.2,1.5±0.8,2.4±1.4,29.5±7.7,24.5±4.0,28.9±10.3,27.8±6.6,31.8±8.8,37.0±10.7,0.9±0.1,1.4±0.5,2.4±1.4,15.4±14.7,46.6±24.2,35.0±15.0,13.9±6.3
HDDDM,layer4,0.9±0.3,2.5±1.5,1.8±1.4,18.6±7.4,28.9±8.5,27.7±9.3,26.8±4.8,34.7±9.6,32.5±8.8,0.8±0.1,3.1±1.8,2.2±1.3,6.0±6.7,40.2±9.0,21.4±8.3,5.9±2.4
HDDDM,vae_latent,121.0±48.5,125.8±40.6,4.7±4.7,129.3±39.2,128.4±40.3,31.9±8.9,122.8±48.8,109.4±52.6,34.4±11.7,24.7±1.4,22.8±2.8,5.0±3.3,26.8±30.2,59.9±33.9,52.3±34.8,13.1±6.4
KL-Gauss,layer1,0.6±0.2,1.7±1.1,0.3±0.2,12.6±5.1,29.5±13.9,9.4±3.8,19.0±7.0,39.0±8.6,6.8±2.9,0.7±0.1,2.0±1.2,0.3±0.1,35.1±42.4,53.6±37.4,45.0±25.1,14.1±6.5
KL-Gauss,layer2,0.4±0.1,0.7±0.2,0.5±0.2,5.4±1.9,15.6±6.2,12.5±3.9,12.3±4.2,22.8±5.1,12.6±5.5,0.4±0.0,0.7±0.1,0.5±0.1,4.6±3.5,40.2±13.6,22.7±11.8,5.9±2.7
KL-Gauss,layer3,0.7±0.1,0.9±0.3,1.0±0.4,11.8±5.1,15.5±5.8,20.7±4.7,19.4±5.7,26.7±5.0,20.9±7.2,0.7±0.1,0.8±0.1,0.8±0.1,1.3±0.7,22.8±7.7,11.7±5.2,1.1±0.2
KL-Gauss,layer4,0.6±0.1,1.2±0.4,1.0±0.3,4.4±2.1,22.9±9.3,20.0±6.8,19.2±5.4,30.3±5.0,23.9±6.8,0.6±0.1,1.2±0.3,0.9±0.1,0.6±0.3,14.2±4.5,8.9±3.3,0.6±0.1
KL-Gauss,vae_latent,119.1±49.9,91.0±60.5,142.5±33.5,115.0±54.8,82.2±55.0,135.6±44.4,122.5±45.5,78.6±60.1,128.7±52.2,24.5±1.1,24.2±1.7,24.6±1.8,87.2±53.5,70.7±49.2,87.1±64.6,20.3±5.4
KL-Hist,layer1,0.6±0.1,0.9±0.2,0.6±0.1,4.9±2.4,8.9±4.8,12.9±3.9,18.1±3.7,24.8±5.3,17.6±5.4,0.6±0.1,0.9±0.2,0.6±0.1,8.1±8.1,39.9±11.6,27.5±17.2,7.1±4.4
KL-Hist,layer2,0.4±0.1,0.8±0.2,0.8±0.1,4.2±2.6,9.7±6.7,17.0±4.6,13.4±3.2,21.7±7.2,20.9±5.4,0.5±0.1,0.8±0.1,0.8±0.1,6.6±6.1,39.8±10.9,28.5±12.3,6.6±3.9
KL-Hist,layer3,0.7±0.2,0.9±0.2,1.1±0.4,16.5±5.9,14.8±6.2,23.2±6.3,19.1±7.0,24.5±4.7,26.3±7.7,0.7±0.1,0.9±0.2,1.0±0.1,1.7±1.1,28.2±9.1,15.5±6.2,2.4±1.4
KL-Hist,layer4,0.7±0.1,1.2±0.6,1.2±0.4,6.8±2.8,24.5±6.8,21.2±5.8,20.5±3.8,29.5±6.8,25.5±9.2,0.6±0.1,1.2±0.3,1.0±0.2,1.2±0.7,25.8±7.5,11.9±4.4,1.3±0.4
KL-Hist,vae_latent,133.7±39.4,84.2±57.2,1.2±1.3,127.2±47.8,104.5±35.9,22.5±7.5,120.2±48.3,89.3±44.4,27.1±9.0,24.2±1.8,22.3±3.5,1.3±0.5,10.1±8.0,39.8±18.7,31.3±13.1,6.6±3.8
KSWIN,layer1,0.7±0.2,1.1±0.3,0.6±0.2,4.8±1.8,10.6±5.6,12.7±2.7,17.5±5.5,26.4±7.7,18.0±3.8,0.7±0.1,1.1±0.3,0.6±0.1,9.9±11.5,42.4±24.2,28.0±12.1,9.2±7.4
KSWIN,layer2,0.5±0.1,0.7±0.2,0.9±0.4,6.4±2.8,13.3±4.6,18.1±6.1,15.0±4.6,19.0±5.9,22.2±9.1,0.5±0.1,0.7±0.1,0.9±0.1,5.5±4.8,40.7±12.5,23.8±9.1,5.3±2.4
KSWIN,layer3,0.7±0.1,0.8±0.2,1.1±0.4,13.7±6.6,13.0±5.5,20.7±7.0,19.6±6.6,21.9±7.7,26.5±7.9,0.7±0.1,0.9±0.2,1.0±0.3,3.6±3.5,30.3±9.0,19.2±7.7,4.0±2.3
KSWIN,layer4,0.6±0.2,1.0±0.5,0.9±0.2,6.7±3.4,16.4±7.0,19.9±7.5,18.0±4.7,23.4±9.2,23.0±7.7,0.6±0.1,1.0±0.2,0.9±0.2,1.7±0.9,29.9±8.6,14.5±4.8,1.7±0.6
KSWIN,vae_latent,118.8±49.6,68.9±65.3,2.3±1.7,134.9±41.1,108.0±46.6,23.9±10.5,114.2±50.3,110.0±48.7,28.1±8.8,24.1±2.2,21.8±3.3,2.3±1.7,4.8±4.3,36.2±11.3,21.6±11.3,4.6±3.4
MMD,layer1,0.6±0.2,1.1±0.3,0.4±0.1,2.7±2.0,9.8±5.8,8.6±2.6,16.3±6.7,27.2±6.3,10.9±3.3,0.6±0.1,1.0±0.3,0.4±0.1,4.3±3.3,33.5±11.8,22.8±8.2,3.6±2.0
MMD,layer2,0.3±0.1,0.6±0.1,0.6±0.1,2.1±1.1,7.3±3.6,10.7±2.5,10.5±2.8,19.4±4.7,12.6±4.6,0.3±0.0,0.6±0.1,0.5±0.1,1.5±1.6,23.8±6.7,10.8±6.2,1.4±0.4
MMD,layer3,0.9±0.2,2.3±1.8,3.3±3.0,22.8±10.9,24.8±11.8,34.9±12.1,28.1±4.8,34.4±6.2,36.5±12.7,0.8±0.1,2.0±1.1,3.4±1.9,1.6±1.3,26.6±9.4,12.3±5.8,1.7±0.8
MMD,layer4,0.5±0.1,1.0±0.3,0.8±0.1,4.3±1.6,13.4±8.6,19.4±6.5,15.2±3.3,26.2±8.8,23.7±4.3,0.5±0.0,1.0±0.1,0.7±0.1,0.9±0.4,22.7±7.3,9.7±4.6,0.9±0.2
MMD,vae_latent,123.3±47.0,88.7±58.8,1.3±2.5,117.8±49.1,86.4±50.5,18.2±8.8,120.6±49.7,98.0±58.6,18.0±11.2,24.7±1.0,22.0±3.9,1.6±2.9,1.9±2.9,26.7±9.8,13.2±6.3,1.6±0.9
PSI,layer1,0.6±0.1,0.9±0.2,0.7±0.1,5.1±2.3,8.9±4.8,13.2±4.9,18.4±3.6,26.5±6.9,17.7±5.4,0.6±0.1,1.0±0.2,0.6±0.1,8.9±9.1,39.4±12.9,28.1±16.5,8.4±5.0
PSI,layer2,0.5±0.1,0.8±0.2,0.8±0.2,4.5±2.5,11.9±6.8,17.5±4.9,13.2±4.4,22.8±8.1,22.1±6.1,0.5±0.0,0.8±0.1,0.8±0.1,7.1±6.3,41.2±12.1,31.7±16.3,7.6±4.7
PSI,layer3,0.7±0.2,0.9±0.2,1.1±0.4,16.0±5.9,15.5±5.8,22.8±6.1,18.2±8.0,26.4±6.8,26.3±8.4,0.7±0.1,0.9±0.1,1.0±0.2,2.3±1.4,28.3±9.1,16.8±7.0,2.8±1.3
PSI,layer4,0.7±0.1,1.3±0.6,1.4±0.7,7.4±3.3,24.2±8.4,22.4±6.2,21.0±3.6,29.5±5.9,26.7±8.6,0.7±0.1,1.3±0.3,1.1±0.3,1.4±0.7,27.0±8.2,11.5±5.3,1.4±0.4
PSI,vae_latent,131.3±41.3,92.6±59.6,1.6±1.6,125.8±47.5,107.5±39.9,24.2±8.0,123.7±47.7,85.1±45.4,26.6±8.7,24.0±2.1,23.2±3.0,1.5±0.5,12.2±9.3,45.2±16.6,32.5±15.5,7.5±4.4
SPE,layer1,5.2±5.0,116.6±49.6,0.5±0.2,52.8±5.1,122.4±40.0,12.3±4.4,33.9±9.8,94.3±55.9,10.4±4.6,4.7±2.9,23.5±3.2,0.4±0.1,80.5±61.8,79.9±50.0,93.8±54.9,18.8±5.7
SPE,layer2,9.5±10.9,150.0±0.0,1.0±0.5,59.2±10.6,150.0±0.0,16.2±7.2,48.4±29.8,150.0±0.0,15.5±7.7,10.5±6.0,25.0±0.0,0.9±0.2,25.2±23.7,37.6±23.6,40.5±22.4,12.0±4.9
SPE,layer3,113.6±56.7,150.0±0.0,6.8±8.4,137.1±27.4,150.0±0.0,24.5±12.4,121.7±50.7,143.6±28.8,26.9±14.5,24.3±2.3,24.6±1.9,5.3±4.1,0.6±0.4,12.0±5.4,8.6±3.9,0.7±0.2
SPE,layer4,1.1±0.7,137.3±33.9,6.4±6.1,4.4±2.3,136.9±32.8,36.1±14.8,18.8±5.5,137.7±37.8,37.1±19.2,0.8±0.2,24.7±0.8,7.8±5.0,0.4±0.1,6.5±4.1,8.7±3.8,0.4±0.1
SPE,vae_latent,124.5±50.4,117.8±53.7,0.9±0.8,127.8±48.5,119.9±45.0,19.6±9.1,99.7±63.6,107.2±51.5,18.2±11.7,23.9±3.0,22.1±5.3,1.1±1.3,12.0±15.6,36.8±22.2,34.5±32.2,10.3±6.9
T2,layer1,0.4±0.1,0.6±0.1,0.4±0.1,2.4±1.3,5.3±2.4,9.5±2.4,12.2±3.2,17.5±5.5,9.4±3.4,0.4±0.1,0.6±0.1,0.4±0.1,1.6±1.0,28.6±7.4,11.9±5.8,1.7±0.8
T2,layer2,0.3±0.1,0.5±0.1,0.5±0.1,2.6±1.2,5.0±2.1,10.8±2.6,10.8±2.0,16.1±3.0,11.4±4.0,0.3±0.0,0.5±0.1,0.5±0.1,1.7±1.6,29.5±5.5,14.2±7.3,1.7±0.8
T2,layer3,0.6±0.1,0.6±0.1,0.7±0.2,8.5±4.2,6.6±2.6,13.7±3.2,18.3±4.1,17.6±4.4,14.3±5.4,0.6±0.1,0.6±0.1,0.6±0.1,0.8±0.2,20.3±7.3,9.3±4.0,0.9±0.2
T2,layer4,0.5±0.1,0.7±0.1,0.6±0.2,2.3±1.1,11.4±4.8,13.8±4.0,12.4±3.1,19.1±4.2,16.1±4.7,0.4±0.1,0.7±0.1,0.6±0.1,0.6±0.2,15.7±7.3,8.3±3.9,0.6±0.1
T2,vae_latent,111.7±54.2,46.0±49.2,1.6±1.8,119.6±51.7,62.2±39.4,21.0±11.0,119.5±53.0,50.0±26.8,22.2±11.5,24.1±2.0,18.0±6.2,2.2±3.9,2.3±2.2,24.5±10.5,15.7±8.2,2.0±0.9
VAE,pixel,144.7±23.6,138.3±36.6,0.5±0.2,137.2±39.7,149.8±0.8,11.3±5.4,150.0±0.0,136.8±40.9,10.3±6.0,25.0±0.0,25.0±0.0,0.5±0.1,16.5±14.6,39.2±13.9,38.3±18.5,11.6±6.5
